"","x"
"1",14769
"2",16487
"3",2879
"4",19071
"5",12053
"6",17077
"7",10624
"8",10320
"9",5406
"10",10840
"11",20172
"12",12112
"13",9762
"14",13614
"15",8503
"16",3237
"17",2088
"18",7275
"19",3845
"20",9369
"21",20259
"22",3882
"23",3404
"24",2479
"25",7299
"26",18648
"27",14187
"28",5636
"29",8965
"30",11729
"31",12310
"32",10336
"33",11858
"34",20408
"35",17586
"36",11375
"37",18949
"38",15851
"39",9448
"40",3947
"41",17812
"42",14312
"43",16656
"44",16971
"45",12795
"46",2067
"47",13936
"48",14572
"49",18679
"50",14243
"51",1056
"52",11674
"53",12543
"54",13647
"55",1417
"56",14716
"57",16099
"58",18104
"59",14725
"60",4042
"61",371
"62",7124
"63",10453
"64",483
"65",4335
"66",19016
"67",14651
"68",9678
"69",780
"70",8194
"71",19649
"72",4432
"73",18865
"74",11266
"75",3415
"76",18973
"77",11670
"78",12840
"79",3944
"80",16152
"81",181
"82",18562
"83",15521
"84",16467
"85",20521
"86",1688
"87",10158
"88",10733
"89",17905
"90",15232
"91",17162
"92",8652
"93",11106
"94",3209
"95",3197
"96",7117
"97",18282
"98",20018
"99",1615
"100",12113
"101",6033
"102",16103
"103",14851
"104",14329
"105",1956
"106",6557
"107",10349
"108",1050
"109",1017
"110",13346
"111",13545
"112",172
"113",12967
"114",16004
"115",15779
"116",16361
"117",9140
"118",4556
"119",18014
"120",12883
"121",6155
"122",1678
"123",640
"124",2007
"125",9116
"126",9624
"127",10290
"128",10547
"129",8422
"130",13889
"131",3977
"132",457
"133",2129
"134",15208
"135",2966
"136",1020
"137",20095
"138",5437
"139",13641
"140",4982
"141",9641
"142",7434
"143",11296
"144",13016
"145",17292
"146",20461
"147",4031
"148",9918
"149",18615
"150",4437
"151",8413
"152",13035
"153",6626
"154",16702
"155",15203
"156",1425
"157",9065
"158",9616
"159",18154
"160",6853
"161",8720
"162",4851
"163",20524
"164",4347
"165",8984
"166",3687
"167",12725
"168",11708
"169",16884
"170",3289
"171",8625
"172",3396
"173",11246
"174",6480
"175",9151
"176",16283
"177",13025
"178",6635
"179",6599
"180",17520
"181",19740
"182",17815
"183",11408
"184",10752
"185",14873
"186",454
"187",2984
"188",12104
"189",16042
"190",8433
"191",20248
"192",1220
"193",14850
"194",8488
"195",10022
"196",2430
"197",20618
"198",10587
"199",12105
"200",5553
"201",14013
"202",7419
"203",9695
"204",19014
"205",15432
"206",8410
"207",6949
"208",38
"209",17526
"210",10209
"211",20334
"212",2925
"213",7495
"214",7834
"215",2253
"216",3760
"217",9394
"218",1739
"219",8221
"220",9335
"221",7611
"222",19101
"223",16281
"224",11037
"225",1285
"226",12693
"227",17011
"228",14496
"229",13854
"230",390
"231",17669
"232",18035
"233",10297
"234",12716
"235",16726
"236",3132
"237",8749
"238",18796
"239",12135
"240",4922
"241",18392
"242",3352
"243",18944
"244",12126
"245",16359
"246",2553
"247",12478
"248",2756
"249",18306
"250",18385
"251",5850
"252",12854
"253",7076
"254",8861
"255",3557
"256",4897
"257",20038
"258",887
"259",19813
"260",17907
"261",6368
"262",9162
"263",5080
"264",17053
"265",13226
"266",18603
"267",1757
"268",4027
"269",11570
"270",17693
"271",806
"272",10739
"273",13427
"274",3408
"275",9284
"276",9191
"277",16320
"278",8716
"279",5288
"280",3135
"281",12579
"282",6737
"283",12077
"284",82
"285",5828
"286",11005
"287",1723
"288",12023
"289",7288
"290",16091
"291",1714
"292",319
"293",6097
"294",14922
"295",11586
"296",11042
"297",13132
"298",486
"299",18086
"300",9380
"301",173
"302",991
"303",3262
"304",15856
"305",12617
"306",9158
"307",1279
"308",13957
"309",13589
"310",8831
"311",6870
"312",16612
"313",18941
"314",5294
"315",14402
"316",13937
"317",15534
"318",17893
"319",6641
"320",10242
"321",18311
"322",525
"323",13332
"324",17195
"325",15887
"326",10018
"327",13244
"328",5858
"329",17010
"330",5595
"331",1415
"332",13456
"333",18950
"334",17954
"335",10975
"336",397
"337",19977
"338",2420
"339",2779
"340",14698
"341",4993
"342",7357
"343",6357
"344",15706
"345",913
"346",11530
"347",15871
"348",17331
"349",9617
"350",7810
"351",12011
"352",12467
"353",4143
"354",7726
"355",4957
"356",13321
"357",3316
"358",11518
"359",8553
"360",18507
"361",4317
"362",7903
"363",2601
"364",6932
"365",14480
"366",19556
"367",18025
"368",3137
"369",18324
"370",7206
"371",11895
"372",10455
"373",1933
"374",1408
"375",18143
"376",8737
"377",139
"378",12630
"379",11038
"380",19875
"381",11574
"382",17055
"383",13605
"384",15987
"385",6813
"386",8822
"387",13072
"388",16303
"389",14421
"390",14398
"391",360
"392",2622
"393",13293
"394",14446
"395",3680
"396",4915
"397",7563
"398",463
"399",18505
"400",5436
"401",12106
"402",11421
"403",11368
"404",18340
"405",4548
"406",4836
"407",3367
"408",14609
"409",1780
"410",2042
"411",4467
"412",8106
"413",5047
"414",1190
"415",16241
"416",2181
"417",10286
"418",1383
"419",6848
"420",19474
"421",2552
"422",8998
"423",15158
"424",12789
"425",5450
"426",7686
"427",6843
"428",15413
"429",18726
"430",6055
"431",11942
"432",10531
"433",18895
"434",3697
"435",14292
"436",4501
"437",5031
"438",14820
"439",15140
"440",13033
"441",16088
"442",9474
"443",18716
"444",19224
"445",8606
"446",12568
"447",2454
"448",3641
"449",4590
"450",6546
"451",19022
"452",19512
"453",1563
"454",3263
"455",13158
"456",8764
"457",14061
"458",19184
"459",7489
"460",8351
"461",2239
"462",16262
"463",4762
"464",8934
"465",17999
"466",2699
"467",10552
"468",194
"469",10600
"470",12828
"471",16005
"472",3406
"473",7469
"474",2194
"475",2518
"476",10418
"477",4202
"478",17763
"479",17310
"480",8631
"481",10101
"482",16148
"483",19019
"484",18256
"485",15234
"486",8856
"487",11511
"488",1426
"489",9283
"490",2765
"491",11606
"492",15277
"493",8491
"494",14948
"495",289
"496",14567
"497",6984
"498",16590
"499",19709
"500",16212
"501",7345
"502",9245
"503",10747
"504",12534
"505",15161
"506",884
"507",7792
"508",19054
"509",10322
"510",15121
"511",13755
"512",2650
"513",9965
"514",16653
"515",8214
"516",2605
"517",681
"518",7504
"519",12094
"520",2683
"521",11267
"522",9573
"523",18368
"524",8727
"525",3529
"526",2566
"527",6574
"528",17301
"529",8420
"530",6970
"531",1602
"532",5975
"533",11199
"534",9961
"535",7531
"536",3503
"537",11150
"538",16567
"539",5540
"540",10678
"541",8694
"542",14718
"543",19898
"544",6179
"545",1670
"546",2784
"547",4305
"548",2101
"549",16534
"550",11526
"551",15360
"552",2015
"553",11792
"554",10478
"555",10493
"556",18006
"557",5919
"558",11137
"559",8175
"560",501
"561",20586
"562",15707
"563",14779
"564",9863
"565",3465
"566",1851
"567",7376
"568",16926
"569",10903
"570",11283
"571",16431
"572",19253
"573",1224
"574",11208
"575",9702
"576",863
"577",9628
"578",5043
"579",11186
"580",10722
"581",15141
"582",20170
"583",8552
"584",7027
"585",18484
"586",12410
"587",13405
"588",9074
"589",3318
"590",5953
"591",12313
"592",7058
"593",6132
"594",20082
"595",14828
"596",13212
"597",7388
"598",18444
"599",5955
"600",12442
"601",12017
"602",17419
"603",5141
"604",6468
"605",18684
"606",5366
"607",17579
"608",1943
"609",14789
"610",18522
"611",464
"612",12922
"613",9684
"614",15439
"615",20204
"616",10827
"617",11188
"618",10383
"619",13878
"620",12004
"621",4010
"622",3431
"623",17066
"624",5270
"625",4149
"626",8408
"627",3860
"628",5249
"629",6778
"630",12481
"631",17982
"632",1811
"633",8496
"634",15007
"635",5891
"636",15571
"637",11201
"638",3006
"639",3883
"640",2499
"641",3788
"642",14623
"643",10064
"644",17543
"645",9645
"646",5083
"647",6416
"648",6863
"649",10141
"650",12193
"651",1239
"652",6767
"653",19597
"654",15002
"655",16711
"656",14426
"657",2673
"658",18830
"659",6084
"660",16477
"661",13898
"662",6360
"663",17322
"664",13528
"665",15231
"666",7016
"667",18942
"668",14390
"669",1939
"670",8174
"671",19499
"672",17110
"673",11141
"674",10380
"675",16912
"676",13569
"677",16991
"678",18221
"679",6858
"680",12005
"681",19215
"682",15435
"683",17314
"684",8470
"685",85
"686",5638
"687",18187
"688",13225
"689",1490
"690",14576
"691",3803
"692",104
"693",4453
"694",7004
"695",19708
"696",1595
"697",1319
"698",11433
"699",10360
"700",12185
"701",1444
"702",6390
"703",10662
"704",8139
"705",7869
"706",12947
"707",12656
"708",6798
"709",10603
"710",10789
"711",1652
"712",1494
"713",7168
"714",16130
"715",258
"716",7737
"717",15303
"718",18175
"719",10048
"720",4070
"721",18149
"722",8805
"723",16184
"724",4245
"725",1996
"726",19713
"727",5120
"728",5694
"729",798
"730",6620
"731",765
"732",5496
"733",16114
"734",16766
"735",15568
"736",5972
"737",19216
"738",8963
"739",18535
"740",8717
"741",5438
"742",12882
"743",14262
"744",5591
"745",4232
"746",6342
"747",9101
"748",10256
"749",9720
"750",10042
"751",5187
"752",19812
"753",929
"754",13042
"755",8391
"756",17665
"757",17022
"758",15474
"759",5134
"760",1726
"761",3312
"762",8238
"763",14092
"764",4987
"765",17914
"766",4323
"767",7087
"768",2642
"769",10732
"770",1759
"771",8373
"772",18596
"773",1787
"774",11178
"775",20357
"776",417
"777",20392
"778",10543
"779",8905
"780",5542
"781",10997
"782",3145
"783",8163
"784",3563
"785",11410
"786",12690
"787",8390
"788",19057
"789",19952
"790",14677
"791",20423
"792",8562
"793",10568
"794",10098
"795",7514
"796",3170
"797",5767
"798",11564
"799",1791
"800",10308
"801",3311
"802",285
"803",15561
"804",10793
"805",12431
"806",13145
"807",12096
"808",12997
"809",15680
"810",4439
"811",20336
"812",13679
"813",16541
"814",12223
"815",6352
"816",10946
"817",13909
"818",3341
"819",9461
"820",2089
"821",8048
"822",18052
"823",10639
"824",6216
"825",5633
"826",5290
"827",18352
"828",17336
"829",16938
"830",8932
"831",16306
"832",16968
"833",12970
"834",15063
"835",6261
"836",2371
"837",1908
"838",9574
"839",7858
"840",20158
"841",3614
"842",12686
"843",13486
"844",20607
"845",6208
"846",19232
"847",14435
"848",4263
"849",15304
"850",12706
"851",9569
"852",18312
"853",13792
"854",11597
"855",558
"856",13506
"857",10817
"858",15543
"859",4574
"860",20086
"861",15417
"862",13232
"863",4739
"864",4123
"865",7844
"866",5474
"867",16160
"868",15280
"869",19588
"870",18524
"871",9263
"872",10968
"873",8781
"874",17131
"875",3775
"876",17720
"877",1954
"878",15839
"879",5637
"880",1226
"881",5301
"882",15487
"883",2843
"884",973
"885",13996
"886",1543
"887",12495
"888",8748
"889",18180
"890",16472
"891",20526
"892",14733
"893",7762
"894",9423
"895",20039
"896",14019
"897",14925
"898",18979
"899",14129
"900",16610
"901",14762
"902",14339
"903",11068
"904",18272
"905",502
"906",17683
"907",4342
"908",12292
"909",4989
"910",3731
"911",19080
"912",20319
"913",4384
"914",13891
"915",14002
"916",16608
"917",8927
"918",5618
"919",2203
"920",12440
"921",19542
"922",16812
"923",2948
"924",13004
"925",2230
"926",4765
"927",5140
"928",15426
"929",8468
"930",2987
"931",46
"932",6746
"933",5086
"934",15667
"935",7750
"936",7433
"937",19886
"938",3227
"939",11940
"940",1287
"941",13449
"942",14606
"943",5642
"944",9306
"945",3156
"946",3049
"947",7221
"948",5022
"949",2498
"950",9653
"951",10528
"952",19682
"953",16558
"954",5669
"955",4845
"956",16287
"957",16391
"958",1270
"959",1022
"960",19093
"961",14120
"962",13915
"963",11153
"964",13420
"965",8626
"966",14671
"967",3743
"968",5350
"969",20135
"970",2943
"971",19298
"972",9349
"973",19591
"974",4216
"975",18925
"976",6836
"977",16875
"978",19437
"979",4892
"980",3812
"981",15845
"982",18130
"983",14838
"984",4876
"985",1672
"986",14937
"987",3451
"988",4136
"989",631
"990",5091
"991",12256
"992",20599
"993",6109
"994",16468
"995",14928
"996",17877
"997",6005
"998",379
"999",11314
"1000",233
"1001",13557
"1002",15620
"1003",18229
"1004",1172
"1005",4395
"1006",20157
"1007",8301
"1008",12574
"1009",8800
"1010",5072
"1011",5075
"1012",9859
"1013",5037
"1014",16728
"1015",11422
"1016",10937
"1017",5073
"1018",13403
"1019",8638
"1020",20200
"1021",10203
"1022",8762
"1023",3216
"1024",6699
"1025",9600
"1026",19513
"1027",15988
"1028",19043
"1029",747
"1030",4118
"1031",8164
"1032",2647
"1033",14595
"1034",962
"1035",12334
"1036",1810
"1037",18056
"1038",4670
"1039",14747
"1040",17580
"1041",7120
"1042",13465
"1043",9082
"1044",9803
"1045",20085
"1046",6504
"1047",8612
"1048",13624
"1049",6417
"1050",5755
"1051",18162
"1052",2574
"1053",17774
"1054",16450
"1055",18934
"1056",8846
"1057",12645
"1058",6768
"1059",1316
"1060",15566
"1061",11781
"1062",1614
"1063",4381
"1064",19257
"1065",16373
"1066",12226
"1067",10328
"1068",10877
"1069",2827
"1070",18990
"1071",13320
"1072",9635
"1073",16939
"1074",2652
"1075",2849
"1076",16970
"1077",14751
"1078",19669
"1079",15897
"1080",12425
"1081",12836
"1082",535
"1083",13868
"1084",88
"1085",10047
"1086",1875
"1087",5113
"1088",18089
"1089",15878
"1090",3722
"1091",13108
"1092",5673
"1093",6421
"1094",7454
"1095",12006
"1096",547
"1097",12807
"1098",8247
"1099",12581
"1100",11482
"1101",7262
"1102",5525
"1103",7349
"1104",13986
"1105",832
"1106",8534
"1107",18148
"1108",3718
"1109",1381
"1110",2195
"1111",1965
"1112",19827
"1113",7754
"1114",19066
"1115",17262
"1116",18814
"1117",4527
"1118",19628
"1119",14584
"1120",9990
"1121",11271
"1122",14750
"1123",17429
"1124",16208
"1125",15968
"1126",4247
"1127",14639
"1128",5029
"1129",13414
"1130",7493
"1131",16284
"1132",113
"1133",2317
"1134",17303
"1135",9359
"1136",10427
"1137",5443
"1138",12942
"1139",15533
"1140",13280
"1141",16891
"1142",20601
"1143",8284
"1144",1208
"1145",13397
"1146",7429
"1147",14419
"1148",10892
"1149",5059
"1150",16634
"1151",8768
"1152",17968
"1153",17929
"1154",19981
"1155",7977
"1156",1185
"1157",19967
"1158",12397
"1159",142
"1160",6667
"1161",13763
"1162",17822
"1163",15068
"1164",14287
"1165",19350
"1166",4281
"1167",3179
"1168",3596
"1169",12776
"1170",15006
"1171",15662
"1172",11983
"1173",9801
"1174",6190
"1175",10791
"1176",8190
"1177",19849
"1178",12046
"1179",3771
"1180",7898
"1181",5915
"1182",2524
"1183",20220
"1184",9182
"1185",18476
"1186",13160
"1187",17626
"1188",16917
"1189",14356
"1190",11975
"1191",16235
"1192",3103
"1193",17719
"1194",9090
"1195",17612
"1196",4946
"1197",16177
"1198",7405
"1199",1177
"1200",9712
"1201",17013
"1202",11641
"1203",9377
"1204",157
"1205",16936
"1206",10198
"1207",13173
"1208",17611
"1209",20149
"1210",4786
"1211",6801
"1212",11340
"1213",19753
"1214",15916
"1215",13638
"1216",5426
"1217",17165
"1218",10904
"1219",11616
"1220",16854
"1221",16895
"1222",8416
"1223",13825
"1224",17320
"1225",17093
"1226",5959
"1227",8524
"1228",15881
"1229",10704
"1230",12826
"1231",20093
"1232",8241
"1233",7945
"1234",10003
"1235",9156
"1236",1497
"1237",14976
"1238",15585
"1239",452
"1240",15035
"1241",6946
"1242",1339
"1243",10329
"1244",12489
"1245",32
"1246",12437
"1247",16314
"1248",4566
"1249",8695
"1250",18417
"1251",6985
"1252",17788
"1253",6936
"1254",14705
"1255",7340
"1256",12032
"1257",10731
"1258",15447
"1259",14703
"1260",1592
"1261",11715
"1262",2532
"1263",768
"1264",5533
"1265",6294
"1266",18847
"1267",1064
"1268",17678
"1269",14028
"1270",16933
"1271",4939
"1272",10119
"1273",6079
"1274",19654
"1275",6419
"1276",17686
"1277",581
"1278",7327
"1279",11096
"1280",16370
"1281",2403
"1282",10025
"1283",15438
"1284",17226
"1285",5752
"1286",671
"1287",1935
"1288",5794
"1289",1822
"1290",14377
"1291",4284
"1292",5354
"1293",18870
"1294",10674
"1295",6978
"1296",10151
"1297",9020
"1298",828
"1299",5584
"1300",13597
"1301",4742
"1302",7931
"1303",2472
"1304",20325
"1305",7300
"1306",14513
"1307",4658
"1308",12195
"1309",689
"1310",683
"1311",8449
"1312",17971
"1313",2333
"1314",20478
"1315",10051
"1316",16494
"1317",4604
"1318",5198
"1319",3112
"1320",9940
"1321",10936
"1322",6532
"1323",2945
"1324",1249
"1325",7535
"1326",8117
"1327",10515
"1328",12812
"1329",7987
"1330",13632
"1331",3435
"1332",2628
"1333",17052
"1334",17217
"1335",7297
"1336",14773
"1337",19192
"1338",5298
"1339",5646
"1340",19497
"1341",7019
"1342",4147
"1343",18987
"1344",8978
"1345",8158
"1346",17988
"1347",11166
"1348",3598
"1349",8267
"1350",11766
"1351",3564
"1352",9383
"1353",20354
"1354",551
"1355",5824
"1356",16041
"1357",13211
"1358",19429
"1359",15955
"1360",8296
"1361",20612
"1362",18608
"1363",856
"1364",19084
"1365",13563
"1366",12384
"1367",6787
"1368",9870
"1369",17519
"1370",2242
"1371",11851
"1372",7743
"1373",5335
"1374",7935
"1375",18239
"1376",17032
"1377",12403
"1378",11711
"1379",670
"1380",5745
"1381",19518
"1382",13675
"1383",6060
"1384",16641
"1385",11793
"1386",5306
"1387",5322
"1388",16378
"1389",2173
"1390",5277
"1391",4189
"1392",16227
"1393",2649
"1394",10061
"1395",14042
"1396",16195
"1397",11450
"1398",8644
"1399",16371
"1400",15257
"1401",12752
"1402",15160
"1403",1086
"1404",18749
"1405",17589
"1406",18506
"1407",15553
"1408",19759
"1409",11168
"1410",13126
"1411",15752
"1412",16604
"1413",4784
"1414",13401
"1415",7866
"1416",1753
"1417",3303
"1418",10676
"1419",9257
"1420",15538
"1421",8547
"1422",13886
"1423",10005
"1424",18826
"1425",6952
"1426",4927
"1427",2192
"1428",16149
"1429",11495
"1430",210
"1431",20546
"1432",18100
"1433",13586
"1434",1550
"1435",5764
"1436",6577
"1437",12589
"1438",20401
"1439",6606
"1440",12745
"1441",11581
"1442",12989
"1443",19975
"1444",12203
"1445",11255
"1446",871
"1447",4931
"1448",2750
"1449",3951
"1450",14366
"1451",19688
"1452",6951
"1453",2313
"1454",8828
"1455",16403
"1456",4626
"1457",18028
"1458",18292
"1459",5607
"1460",8200
"1461",19843
"1462",3931
"1463",9889
"1464",5923
"1465",8298
"1466",6822
"1467",5648
"1468",11252
"1469",17481
"1470",14706
"1471",12761
"1472",13863
"1473",184
"1474",1106
"1475",6245
"1476",19300
"1477",8531
"1478",16815
"1479",14727
"1480",6542
"1481",15895
"1482",14267
"1483",4396
"1484",1355
"1485",11927
"1486",11611
"1487",479
"1488",3152
"1489",10179
"1490",13085
"1491",14020
"1492",16292
"1493",8209
"1494",18060
"1495",8656
"1496",7949
"1497",8261
"1498",11479
"1499",5106
"1500",18743
"1501",8585
"1502",2367
"1503",2742
"1504",9531
"1505",11058
"1506",7685
"1507",158
"1508",3346
"1509",8061
"1510",8274
"1511",8309
"1512",8201
"1513",5800
"1514",11870
"1515",19296
"1516",19679
"1517",6227
"1518",19085
"1519",9372
"1520",10976
"1521",20330
"1522",1047
"1523",14360
"1524",18520
"1525",3432
"1526",7735
"1527",17629
"1528",2135
"1529",18344
"1530",6200
"1531",6555
"1532",19985
"1533",14018
"1534",3005
"1535",3466
"1536",1741
"1537",10449
"1538",5124
"1539",19153
"1540",9310
"1541",15582
"1542",839
"1543",18868
"1544",12320
"1545",11867
"1546",12095
"1547",6149
"1548",13371
"1549",12909
"1550",18202
"1551",15692
"1552",19760
"1553",12436
"1554",12954
"1555",17533
"1556",9798
"1557",7820
"1558",4302
"1559",7975
"1560",5894
"1561",19178
"1562",5678
"1563",18989
"1564",8257
"1565",10797
"1566",6808
"1567",8220
"1568",9028
"1569",6041
"1570",11911
"1571",19089
"1572",14708
"1573",17781
"1574",9941
"1575",1068
"1576",15595
"1577",3704
"1578",17211
"1579",3997
"1580",12264
"1581",398
"1582",2775
"1583",242
"1584",11699
"1585",896
"1586",18490
"1587",5139
"1588",8526
"1589",3277
"1590",11022
"1591",2883
"1592",13713
"1593",7895
"1594",20529
"1595",9287
"1596",19131
"1597",14758
"1598",2893
"1599",12900
"1600",9938
"1601",10013
"1602",20463
"1603",18620
"1604",3065
"1605",5763
"1606",7842
"1607",444
"1608",1508
"1609",16285
"1610",412
"1611",12034
"1612",7567
"1613",2489
"1614",5129
"1615",17027
"1616",18439
"1617",6797
"1618",12569
"1619",2958
"1620",4969
"1621",16823
"1622",3936
"1623",19285
"1624",6476
"1625",5185
"1626",18643
"1627",19548
"1628",16012
"1629",3418
"1630",12174
"1631",8324
"1632",8435
"1633",16822
"1634",1107
"1635",6955
"1636",13429
"1637",1745
"1638",17
"1639",8487
"1640",18817
"1641",9247
"1642",18278
"1643",12769
"1644",15011
"1645",11053
"1646",4144
"1647",15325
"1648",16585
"1649",7904
"1650",11145
"1651",9023
"1652",1116
"1653",5302
"1654",3774
"1655",1013
"1656",3220
"1657",8021
"1658",4705
"1659",3240
"1660",5096
"1661",4856
"1662",15583
"1663",9721
"1664",8461
"1665",2120
"1666",1187
"1667",3182
"1668",15580
"1669",11753
"1670",5476
"1671",1338
"1672",14027
"1673",16657
"1674",20542
"1675",16291
"1676",13131
"1677",13316
"1678",1475
"1679",13651
"1680",14939
"1681",6888
"1682",9202
"1683",148
"1684",13856
"1685",11376
"1686",4491
"1687",14936
"1688",10419
"1689",20578
"1690",17424
"1691",3081
"1692",19074
"1693",12295
"1694",18030
"1695",17725
"1696",20035
"1697",5970
"1698",10504
"1699",3702
"1700",8647
"1701",3816
"1702",15064
"1703",263
"1704",16935
"1705",11642
"1706",12288
"1707",7364
"1708",14808
"1709",15809
"1710",5592
"1711",18389
"1712",5963
"1713",10354
"1714",13284
"1715",15952
"1716",14958
"1717",5377
"1718",5997
"1719",17698
"1720",10271
"1721",6682
"1722",14497
"1723",9253
"1724",17897
"1725",3343
"1726",12999
"1727",8479
"1728",7573
"1729",2785
"1730",17566
"1731",19266
"1732",20460
"1733",4734
"1734",11475
"1735",17237
"1736",14800
"1737",15367
"1738",3992
"1739",1638
"1740",14186
"1741",18841
"1742",4976
"1743",15085
"1744",17234
"1745",2732
"1746",17414
"1747",19261
"1748",4868
"1749",8901
"1750",730
"1751",8608
"1752",10218
"1753",19899
"1754",294
"1755",20279
"1756",11444
"1757",472
"1758",13157
"1759",3572
"1760",1373
"1761",208
"1762",12565
"1763",20189
"1764",8342
"1765",20126
"1766",13961
"1767",17469
"1768",16122
"1769",20072
"1770",14238
"1771",19047
"1772",1413
"1773",9734
"1774",1635
"1775",10102
"1776",7891
"1777",5829
"1778",10166
"1779",13065
"1780",3505
"1781",12472
"1782",18114
"1783",13491
"1784",12972
"1785",2585
"1786",19207
"1787",13294
"1788",13342
"1789",19120
"1790",9179
"1791",5657
"1792",20343
"1793",20439
"1794",12898
"1795",1228
"1796",5305
"1797",6849
"1798",16482
"1799",16932
"1800",5155
"1801",15781
"1802",10274
"1803",7639
"1804",17994
"1805",16671
"1806",16134
"1807",5380
"1808",3336
"1809",4277
"1810",15651
"1811",29
"1812",9781
"1813",19151
"1814",10919
"1815",1129
"1816",12329
"1817",19804
"1818",17510
"1819",3841
"1820",12652
"1821",18469
"1822",14654
"1823",2422
"1824",3141
"1825",10168
"1826",7960
"1827",2743
"1828",9450
"1829",10967
"1830",9934
"1831",18189
"1832",13591
"1833",9481
"1834",14264
"1835",9579
"1836",5192
"1837",14866
"1838",2202
"1839",10690
"1840",9006
"1841",2049
"1842",1518
"1843",2080
"1844",11304
"1845",12592
"1846",2758
"1847",10280
"1848",4824
"1849",3026
"1850",4475
"1851",10136
"1852",4344
"1853",18919
"1854",18735
"1855",5776
"1856",12844
"1857",18824
"1858",9261
"1859",14433
"1860",19832
"1861",20171
"1862",17204
"1863",4324
"1864",6474
"1865",15395
"1866",4515
"1867",4710
"1868",18604
"1869",2133
"1870",13800
"1871",3567
"1872",1074
"1873",13655
"1874",2233
"1875",9580
"1876",9775
"1877",10185
"1878",4912
"1879",11881
"1880",7823
"1881",16688
"1882",12963
"1883",18399
"1884",784
"1885",15478
"1886",2741
"1887",13590
"1888",7290
"1889",243
"1890",6407
"1891",10228
"1892",9370
"1893",18191
"1894",4558
"1895",7090
"1896",18193
"1897",19391
"1898",9924
"1899",12333
"1900",15679
"1901",12739
"1902",8477
"1903",2813
"1904",12503
"1905",18359
"1906",4373
"1907",20477
"1908",5319
"1909",3987
"1910",10411
"1911",7036
"1912",4748
"1913",16096
"1914",215
"1915",11445
"1916",5693
"1917",16731
"1918",3618
"1919",3323
"1920",11273
"1921",6211
"1922",12613
"1923",492
"1924",11158
"1925",2763
"1926",870
"1927",3090
"1928",7779
"1929",17233
"1930",18422
"1931",14001
"1932",20120
"1933",6037
"1934",1205
"1935",16673
"1936",15699
"1937",3917
"1938",13507
"1939",17690
"1940",4869
"1941",6442
"1942",13817
"1943",16350
"1944",2734
"1945",207
"1946",1166
"1947",17736
"1948",16856
"1949",12058
"1950",3582
"1951",15322
"1952",7943
"1953",4497
"1954",4930
"1955",3607
"1956",6276
"1957",18374
"1958",3250
"1959",13807
"1960",10773
"1961",8166
"1962",4256
"1963",6445
"1964",6332
"1965",10128
"1966",19206
"1967",9648
"1968",15591
"1969",6807
"1970",288
"1971",20273
"1972",3881
"1973",15159
"1974",5516
"1975",20010
"1976",2751
"1977",4145
"1978",11770
"1979",15032
"1980",10921
"1981",7315
"1982",10058
"1983",14400
"1984",14675
"1985",726
"1986",19417
"1987",19344
"1988",12843
"1989",13858
"1990",4139
"1991",9841
"1992",19375
"1993",10145
"1994",1544
"1995",19450
"1996",4086
"1997",1002
"1998",12929
"1999",19186
"2000",17192
"2001",6558
"2002",4761
"2003",14530
"2004",18655
"2005",7770
"2006",6259
"2007",10829
"2008",14642
"2009",11292
"2010",9939
"2011",11605
"2012",12205
"2013",9393
"2014",10415
"2015",14945
"2016",7839
"2017",14418
"2018",14041
"2019",14847
"2020",15079
"2021",19098
"2022",9267
"2023",10216
"2024",12420
"2025",20203
"2026",12252
"2027",7485
"2028",16988
"2029",15228
"2030",17741
"2031",13556
"2032",13998
"2033",1649
"2034",5819
"2035",18473
"2036",15143
"2037",14819
"2038",8878
"2039",17493
"2040",3198
"2041",7981
"2042",19330
"2043",11126
"2044",8823
"2045",15603
"2046",17582
"2047",17128
"2048",13461
"2049",4239
"2050",1069
"2051",12506
"2052",8007
"2053",7713
"2054",2542
"2055",7881
"2056",8561
"2057",20532
"2058",20097
"2059",6457
"2060",13032
"2061",8327
"2062",10454
"2063",12512
"2064",15596
"2065",12680
"2066",10567
"2067",12251
"2068",13999
"2069",1510
"2070",10353
"2071",16538
"2072",14823
"2073",16255
"2074",10302
"2075",18660
"2076",3946
"2077",14993
"2078",8123
"2079",12766
"2080",16883
"2081",663
"2082",7379
"2083",16404
"2084",8199
"2085",10522
"2086",3122
"2087",5640
"2088",18044
"2089",5993
"2090",16072
"2091",12322
"2092",3222
"2093",16873
"2094",11521
"2095",14626
"2096",6877
"2097",15548
"2098",4016
"2099",11074
"2100",4077
"2101",6486
"2102",7233
"2103",3286
"2104",10821
"2105",10858
"2106",1158
"2107",250
"2108",9413
"2109",12047
"2110",1905
"2111",15274
"2112",17009
"2113",11157
"2114",1496
"2115",2995
"2116",4117
"2117",230
"2118",11798
"2119",16146
"2120",4798
"2121",7624
"2122",50
"2123",7534
"2124",19102
"2125",15130
"2126",4657
"2127",3750
"2128",15169
"2129",16363
"2130",5063
"2131",10643
"2132",7368
"2133",12235
"2134",9150
"2135",6780
"2136",1691
"2137",13752
"2138",10373
"2139",11446
"2140",384
"2141",8632
"2142",12175
"2143",1797
"2144",20410
"2145",13484
"2146",146
"2147",1164
"2148",7917
"2149",9591
"2150",3592
"2151",4816
"2152",5721
"2153",19994
"2154",10464
"2155",11826
"2156",13018
"2157",6642
"2158",17908
"2159",5625
"2160",4702
"2161",5074
"2162",469
"2163",19158
"2164",8062
"2165",12379
"2166",677
"2167",8337
"2168",14493
"2169",3091
"2170",18120
"2171",5510
"2172",20122
"2173",15482
"2174",14525
"2175",20609
"2176",16966
"2177",20549
"2178",4250
"2179",8042
"2180",10800
"2181",19363
"2182",927
"2183",18852
"2184",755
"2185",11878
"2186",2713
"2187",1575
"2188",3327
"2189",455
"2190",16735
"2191",8353
"2192",14079
"2193",13877
"2194",9520
"2195",6513
"2196",18510
"2197",10626
"2198",1024
"2199",7026
"2200",14158
"2201",10845
"2202",1394
"2203",4592
"2204",20437
"2205",2265
"2206",14741
"2207",116
"2208",13305
"2209",10220
"2210",6898
"2211",7314
"2212",7370
"2213",1807
"2214",14914
"2215",13945
"2216",5787
"2217",19953
"2218",16098
"2219",9449
"2220",9752
"2221",15223
"2222",3183
"2223",5831
"2224",16654
"2225",16003
"2226",18636
"2227",7158
"2228",19418
"2229",9249
"2230",7814
"2231",18922
"2232",3721
"2233",15301
"2234",19652
"2235",18029
"2236",17299
"2237",18174
"2238",9519
"2239",9915
"2240",14162
"2241",200
"2242",1126
"2243",1870
"2244",14410
"2245",1407
"2246",5250
"2247",15958
"2248",18341
"2249",160
"2250",10196
"2251",18946
"2252",20262
"2253",13330
"2254",19249
"2255",11976
"2256",14072
"2257",10
"2258",8213
"2259",19802
"2260",312
"2261",596
"2262",12393
"2263",527
"2264",9539
"2265",17901
"2266",19241
"2267",15464
"2268",17604
"2269",15669
"2270",17302
"2271",4637
"2272",3602
"2273",16644
"2274",17818
"2275",2122
"2276",9453
"2277",11905
"2278",13822
"2279",4074
"2280",19037
"2281",18647
"2282",10556
"2283",16205
"2284",5197
"2285",5795
"2286",12558
"2287",11322
"2288",18338
"2289",7471
"2290",811
"2291",17767
"2292",15862
"2293",7199
"2294",8107
"2295",14610
"2296",16543
"2297",2210
"2298",2338
"2299",8041
"2300",3986
"2301",3651
"2302",17140
"2303",18220
"2304",17575
"2305",11549
"2306",10535
"2307",10476
"2308",12386
"2309",6367
"2310",7266
"2311",19718
"2312",10020
"2313",14622
"2314",10682
"2315",3613
"2316",13277
"2317",1819
"2318",16153
"2319",5383
"2320",14707
"2321",14430
"2322",3568
"2323",6006
"2324",17591
"2325",5209
"2326",1104
"2327",15655
"2328",7385
"2329",14491
"2330",17704
"2331",3069
"2332",17974
"2333",4053
"2334",16539
"2335",4825
"2336",18328
"2337",9280
"2338",12309
"2339",17330
"2340",7732
"2341",19918
"2342",8537
"2343",11258
"2344",10399
"2345",8979
"2346",11625
"2347",10129
"2348",12272
"2349",1135
"2350",12121
"2351",18748
"2352",5671
"2353",5130
"2354",13798
"2355",4965
"2356",16692
"2357",1369
"2358",8436
"2359",4430
"2360",408
"2361",5188
"2362",4244
"2363",10819
"2364",4339
"2365",9613
"2366",19786
"2367",6766
"2368",19715
"2369",4192
"2370",11522
"2371",17946
"2372",18098
"2373",15267
"2374",16947
"2375",17443
"2376",1979
"2377",4224
"2378",12315
"2379",911
"2380",19749
"2381",15119
"2382",7353
"2383",11471
"2384",9467
"2385",2180
"2386",3046
"2387",6940
"2388",20182
"2389",3354
"2390",7824
"2391",5137
"2392",3512
"2393",6224
"2394",4723
"2395",19433
"2396",5603
"2397",12087
"2398",5218
"2399",1702
"2400",6479
"2401",1835
"2402",3287
"2403",4557
"2404",19222
"2405",4640
"2406",11456
"2407",9813
"2408",1495
"2409",15324
"2410",3875
"2411",15227
"2412",12779
"2413",7024
"2414",9206
"2415",616
"2416",11626
"2417",8091
"2418",14060
"2419",20435
"2420",12864
"2421",2404
"2422",8511
"2423",20554
"2424",13766
"2425",4471
"2426",17865
"2427",2266
"2428",2374
"2429",1511
"2430",18253
"2431",17382
"2432",9236
"2433",11717
"2434",16497
"2435",3032
"2436",15635
"2437",3542
"2438",2390
"2439",6134
"2440",1613
"2441",19393
"2442",710
"2443",8500
"2444",910
"2445",3940
"2446",720
"2447",15094
"2448",499
"2449",9077
"2450",9061
"2451",12020
"2452",19360
"2453",6056
"2454",8853
"2455",9155
"2456",9237
"2457",15047
"2458",18762
"2459",5196
"2460",12355
"2461",1673
"2462",11720
"2463",17039
"2464",17401
"2465",5397
"2466",10720
"2467",609
"2468",7511
"2469",15215
"2470",19501
"2471",8520
"2472",11356
"2473",2515
"2474",2575
"2475",6563
"2476",4867
"2477",18216
"2478",2602
"2479",2927
"2480",16237
"2481",6275
"2482",2982
"2483",5966
"2484",5342
"2485",20015
"2486",6350
"2487",9492
"2488",1856
"2489",14715
"2490",13568
"2491",18502
"2492",6669
"2493",9007
"2494",6914
"2495",13691
"2496",10097
"2497",5108
"2498",9177
"2499",8510
"2500",19763
"2501",5651
"2502",15675
"2503",19035
"2504",606
"2505",6897
"2506",11377
"2507",8929
"2508",2287
"2509",3716
"2510",8196
"2511",14115
"2512",20505
"2513",3437
"2514",16064
"2515",15051
"2516",10723
"2517",14730
"2518",10756
"2519",5882
"2520",4362
"2521",1343
"2522",13081
"2523",1846
"2524",15565
"2525",3300
"2526",18279
"2527",20331
"2528",12634
"2529",20504
"2530",11967
"2531",13298
"2532",16181
"2533",7520
"2534",17404
"2535",6592
"2536",16816
"2537",10117
"2538",17623
"2539",8483
"2540",12202
"2541",14350
"2542",1317
"2543",4610
"2544",12556
"2545",20131
"2546",16652
"2547",14200
"2548",19869
"2549",334
"2550",18398
"2551",17300
"2552",10342
"2553",3823
"2554",2964
"2555",17304
"2556",1871
"2557",19767
"2558",4544
"2559",5420
"2560",6595
"2561",11198
"2562",15077
"2563",13428
"2564",17979
"2565",15157
"2566",14960
"2567",8635
"2568",3330
"2569",13024
"2570",4586
"2571",20260
"2572",13762
"2573",585
"2574",15774
"2575",15877
"2576",8641
"2577",7444
"2578",13728
"2579",20251
"2580",9032
"2581",240
"2582",4644
"2583",4840
"2584",16426
"2585",1109
"2586",18002
"2587",13789
"2588",16734
"2589",14767
"2590",4528
"2591",18821
"2592",1665
"2593",8058
"2594",18759
"2595",1919
"2596",2279
"2597",12002
"2598",14959
"2599",18038
"2600",16500
"2601",17703
"2602",5703
"2603",18862
"2604",11033
"2605",2648
"2606",7089
"2607",2209
"2608",17458
"2609",1989
"2610",3276
"2611",13821
"2612",17294
"2613",7062
"2614",6809
"2615",97
"2616",15095
"2617",2567
"2618",13601
"2619",4169
"2620",10517
"2621",9873
"2622",7657
"2623",12358
"2624",12115
"2625",1351
"2626",14905
"2627",6879
"2628",8835
"2629",7053
"2630",12435
"2631",11149
"2632",17072
"2633",4924
"2634",6303
"2635",15826
"2636",433
"2637",4389
"2638",3355
"2639",14748
"2640",20386
"2641",14952
"2642",18523
"2643",18541
"2644",13981
"2645",19077
"2646",17037
"2647",17189
"2648",18626
"2649",13478
"2650",11196
"2651",13370
"2652",6299
"2653",630
"2654",7387
"2655",17086
"2656",19456
"2657",11218
"2658",14069
"2659",4883
"2660",3963
"2661",19230
"2662",5676
"2663",1025
"2664",1557
"2665",2537
"2666",18153
"2667",5432
"2668",9183
"2669",17786
"2670",5946
"2671",447
"2672",15185
"2673",15226
"2674",4255
"2675",16773
"2676",792
"2677",3656
"2678",18957
"2679",14978
"2680",8084
"2681",10494
"2682",16566
"2683",15292
"2684",19370
"2685",17383
"2686",10509
"2687",13493
"2688",11372
"2689",15428
"2690",5358
"2691",12150
"2692",1326
"2693",9816
"2694",2548
"2695",4601
"2696",8016
"2697",12048
"2698",20187
"2699",14647
"2700",9623
"2701",12218
"2702",2547
"2703",15445
"2704",3525
"2705",13726
"2706",5153
"2707",4292
"2708",18585
"2709",6465
"2710",7855
"2711",4151
"2712",1854
"2713",10983
"2714",3051
"2715",13468
"2716",13059
"2717",18928
"2718",19978
"2719",18281
"2720",420
"2721",11929
"2722",15586
"2723",9769
"2724",6130
"2725",15616
"2726",11598
"2727",13231
"2728",7952
"2729",1900
"2730",19697
"2731",14969
"2732",15048
"2733",16054
"2734",16428
"2735",19479
"2736",13311
"2737",5247
"2738",9658
"2739",13603
"2740",11379
"2741",6369
"2742",16238
"2743",7973
"2744",3208
"2745",17378
"2746",2238
"2747",1095
"2748",5726
"2749",12768
"2750",18686
"2751",8953
"2752",17342
"2753",20468
"2754",20144
"2755",3649
"2756",2109
"2757",2070
"2758",3295
"2759",5545
"2760",13409
"2761",17244
"2762",7969
"2763",7802
"2764",20581
"2765",4121
"2766",9743
"2767",4163
"2768",12699
"2769",18431
"2770",13997
"2771",19925
"2772",15695
"2773",11580
"2774",3113
"2775",17757
"2776",19536
"2777",20575
"2778",20130
"2779",7765
"2780",5208
"2781",1330
"2782",8959
"2783",20269
"2784",8313
"2785",12837
"2786",1232
"2787",17993
"2788",18127
"2789",20307
"2790",9898
"2791",1789
"2792",4450
"2793",2400
"2794",1538
"2795",7799
"2796",4898
"2797",16173
"2798",7880
"2799",1648
"2800",9119
"2801",6424
"2802",18070
"2803",14086
"2804",17136
"2805",17587
"2806",4808
"2807",6987
"2808",17679
"2809",963
"2810",14721
"2811",14281
"2812",9993
"2813",2968
"2814",2746
"2815",7279
"2816",15190
"2817",16286
"2818",13968
"2819",11443
"2820",11609
"2821",17917
"2822",10938
"2823",17390
"2824",9185
"2825",15043
"2826",16137
"2827",9345
"2828",17570
"2829",14555
"2830",1
"2831",14022
"2832",10243
"2833",931
"2834",14464
"2835",10863
"2836",17532
"2837",16440
"2838",16985
"2839",1281
"2840",4329
"2841",13750
"2842",2153
"2843",16700
"2844",19648
"2845",2500
"2846",13897
"2847",11057
"2848",17859
"2849",20139
"2850",2815
"2851",1710
"2852",3565
"2853",14934
"2854",10590
"2855",14783
"2856",17257
"2857",9728
"2858",2817
"2859",800
"2860",12875
"2861",20105
"2862",2221
"2863",1088
"2864",19625
"2865",17083
"2866",10246
"2867",369
"2868",2416
"2869",16332
"2870",11104
"2871",1686
"2872",17634
"2873",14560
"2874",5279
"2875",11958
"2876",11757
"2877",15452
"2878",5391
"2879",1301
"2880",15602
"2881",9565
"2882",14935
"2883",8994
"2884",13890
"2885",18078
"2886",12796
"2887",15792
"2888",11776
"2889",2341
"2890",2394
"2891",4353
"2892",14500
"2893",2127
"2894",365
"2895",5145
"2896",18357
"2897",20003
"2898",5245
"2899",17019
"2900",4758
"2901",18559
"2902",11078
"2903",9995
"2904",15892
"2905",14268
"2906",6354
"2907",7516
"2908",17556
"2909",20344
"2910",14142
"2911",4019
"2912",15931
"2913",18807
"2914",10402
"2915",12433
"2916",12241
"2917",9389
"2918",12536
"2919",15885
"2920",13235
"2921",2990
"2922",8958
"2923",13840
"2924",19356
"2925",2818
"2926",17005
"2927",1650
"2928",18587
"2929",9062
"2930",6191
"2931",14544
"2932",9047
"2933",18129
"2934",19381
"2935",11515
"2936",17004
"2937",11138
"2938",1647
"2939",11863
"2940",9390
"2941",10031
"2942",3226
"2943",7184
"2944",10994
"2945",9696
"2946",16770
"2947",14904
"2948",10702
"2949",9668
"2950",9408
"2951",20591
"2952",18113
"2953",3827
"2954",14165
"2955",7118
"2956",1398
"2957",7259
"2958",9233
"2959",95
"2960",18569
"2961",4241
"2962",17431
"2963",12340
"2964",19489
"2965",13106
"2966",11779
"2967",3078
"2968",10781
"2969",17959
"2970",5459
"2971",3095
"2972",19937
"2973",1420
"2974",8605
"2975",19557
"2976",5872
"2977",5267
"2978",851
"2979",3605
"2980",11459
"2981",18288
"2982",599
"2983",7861
"2984",18152
"2985",12263
"2986",3422
"2987",18380
"2988",3921
"2989",5856
"2990",11131
"2991",1174
"2992",18527
"2993",16379
"2994",9680
"2995",19684
"2996",5714
"2997",10606
"2998",7999
"2999",6262
"3000",15421
"3001",8939
"3002",16168
"3003",8
"3004",9982
"3005",17024
"3006",19830
"3007",18081
"3008",11748
"3009",19036
"3010",11663
"3011",5001
"3012",8740
"3013",20577
"3014",9927
"3015",7738
"3016",11428
"3017",12120
"3018",14564
"3019",426
"3020",18790
"3021",7747
"3022",4276
"3023",11857
"3024",2707
"3025",13466
"3026",14653
"3027",2314
"3028",19311
"3029",17007
"3030",11582
"3031",10211
"3032",18876
"3033",13489
"3034",7907
"3035",14067
"3036",13785
"3037",18908
"3038",17407
"3039",7711
"3040",5920
"3041",3601
"3042",17748
"3043",12949
"3044",12208
"3045",3966
"3046",11821
"3047",9132
"3048",5573
"3049",20055
"3050",16586
"3051",18844
"3052",18631
"3053",17454
"3054",6656
"3055",20284
"3056",16159
"3057",20579
"3058",7797
"3059",5154
"3060",7948
"3061",6237
"3062",3834
"3063",14604
"3064",9429
"3065",13480
"3066",2863
"3067",3561
"3068",16030
"3069",9917
"3070",12402
"3071",7740
"3072",19562
"3073",9277
"3074",4420
"3075",1147
"3076",5095
"3077",6069
"3078",9050
"3079",6080
"3080",2755
"3081",7304
"3082",19660
"3083",2909
"3084",7586
"3085",3339
"3086",18558
"3087",224
"3088",3127
"3089",11917
"3090",6882
"3091",14080
"3092",17952
"3093",6126
"3094",4206
"3095",18652
"3096",16807
"3097",19179
"3098",87
"3099",20002
"3100",13281
"3101",7575
"3102",3570
"3103",19854
"3104",359
"3105",14968
"3106",6918
"3107",18395
"3108",10915
"3109",14408
"3110",9205
"3111",7758
"3112",16364
"3113",4967
"3114",14416
"3115",17884
"3116",16339
"3117",4716
"3118",17923
"3119",18606
"3120",12674
"3121",5754
"3122",15113
"3123",3903
"3124",4788
"3125",17479
"3126",11350
"3127",9621
"3128",10771
"3129",13928
"3130",19492
"3131",17457
"3132",17090
"3133",5743
"3134",7528
"3135",16994
"3136",6206
"3137",10856
"3138",18906
"3139",296
"3140",16868
"3141",4907
"3142",3458
"3143",13367
"3144",1411
"3145",9401
"3146",14745
"3147",11599
"3148",17183
"3149",9040
"3150",18424
"3151",1911
"3152",11759
"3153",17938
"3154",1341
"3155",11213
"3156",10928
"3157",7407
"3158",9663
"3159",10105
"3160",19895
"3161",18161
"3162",13700
"3163",18075
"3164",18709
"3165",8028
"3166",15107
"3167",17260
"3168",19640
"3169",1991
"3170",15745
"3171",12604
"3172",19701
"3173",14319
"3174",9352
"3175",5101
"3176",9902
"3177",19866
"3178",17964
"3179",12515
"3180",1847
"3181",9058
"3182",260
"3183",5756
"3184",17928
"3185",5147
"3186",8653
"3187",8607
"3188",330
"3189",19842
"3190",7225
"3191",5395
"3192",303
"3193",13392
"3194",12851
"3195",5680
"3196",14854
"3197",2260
"3198",20041
"3199",19441
"3200",5326
"3201",13748
"3202",5621
"3203",5623
"3204",10052
"3205",12346
"3206",5995
"3207",12668
"3208",3436
"3209",11025
"3210",5211
"3211",10300
"3212",15238
"3213",14915
"3214",2808
"3215",3011
"3216",7170
"3217",3710
"3218",10161
"3219",17000
"3220",3836
"3221",8424
"3222",14761
"3223",7329
"3224",11952
"3225",8739
"3226",239
"3227",11836
"3228",7043
"3229",12248
"3230",3962
"3231",12639
"3232",1160
"3233",15615
"3234",7243
"3235",18818
"3236",12373
"3237",5644
"3238",2643
"3239",11354
"3240",8142
"3241",1292
"3242",1325
"3243",7133
"3244",17356
"3245",2383
"3246",18415
"3247",4787
"3248",2796
"3249",2507
"3250",10235
"3251",13838
"3252",10266
"3253",16065
"3254",11119
"3255",13810
"3256",7650
"3257",14381
"3258",14246
"3259",2857
"3260",3822
"3261",329
"3262",14100
"3263",966
"3264",15476
"3265",477
"3266",12434
"3267",11023
"3268",17231
"3269",17450
"3270",8873
"3271",16107
"3272",13413
"3273",13473
"3274",886
"3275",10174
"3276",19201
"3277",16548
"3278",19338
"3279",3965
"3280",11389
"3281",4005
"3282",4708
"3283",19345
"3284",12818
"3285",11543
"3286",3474
"3287",2254
"3288",10403
"3289",16356
"3290",14399
"3291",944
"3292",8670
"3293",12016
"3294",6996
"3295",9134
"3296",11649
"3297",3912
"3298",6478
"3299",19924
"3300",14315
"3301",17371
"3302",5996
"3303",16453
"3304",2725
"3305",8375
"3306",14674
"3307",16075
"3308",14906
"3309",7887
"3310",3029
"3311",10521
"3312",14863
"3313",8251
"3314",6404
"3315",18356
"3316",5683
"3317",20513
"3318",4320
"3319",1131
"3320",17447
"3321",6099
"3322",17714
"3323",7409
"3324",3271
"3325",14908
"3326",12742
"3327",635
"3328",12013
"3329",7561
"3330",3639
"3331",13943
"3332",5186
"3333",18534
"3334",18614
"3335",16751
"3336",19979
"3337",1286
"3338",16676
"3339",5902
"3340",2901
"3341",934
"3342",1467
"3343",14370
"3344",2205
"3345",7484
"3346",9795
"3347",15806
"3348",1043
"3349",15876
"3350",1892
"3351",5944
"3352",18560
"3353",20057
"3354",7001
"3355",12411
"3356",7420
"3357",4047
"3358",5863
"3359",1690
"3360",17513
"3361",13670
"3362",952
"3363",10952
"3364",10753
"3365",18639
"3366",249
"3367",14996
"3368",2529
"3369",5315
"3370",11062
"3371",9299
"3372",6632
"3373",3769
"3374",9988
"3375",12243
"3376",9181
"3377",19334
"3378",19582
"3379",10219
"3380",14467
"3381",12703
"3382",1262
"3383",15070
"3384",17809
"3385",13030
"3386",12951
"3387",9099
"3388",19992
"3389",14298
"3390",11490
"3391",19819
"3392",16846
"3393",4134
"3394",10939
"3395",4778
"3396",13525
"3397",2674
"3398",5854
"3399",10633
"3400",719
"3401",3381
"3402",9951
"3403",12627
"3404",18508
"3405",4114
"3406",12567
"3407",6950
"3408",4747
"3409",18472
"3410",19263
"3411",7113
"3412",107
"3413",19891
"3414",14755
"3415",3253
"3416",7397
"3417",17688
"3418",10009
"3419",2110
"3420",6729
"3421",3979
"3422",3305
"3423",15067
"3424",11583
"3425",6533
"3426",2330
"3427",1299
"3428",3387
"3429",17673
"3430",13275
"3431",19148
"3432",9064
"3433",18579
"3434",15677
"3435",15026
"3436",9317
"3437",15082
"3438",1861
"3439",3419
"3440",16488
"3441",14125
"3442",10148
"3443",2307
"3444",1815
"3445",15347
"3446",12537
"3447",4156
"3448",1298
"3449",899
"3450",10363
"3451",18956
"3452",5100
"3453",10312
"3454",3068
"3455",17647
"3456",19770
"3457",20218
"3458",7145
"3459",19795
"3460",10618
"3461",4829
"3462",13274
"3463",19262
"3464",6489
"3465",11215
"3466",10825
"3467",3347
"3468",955
"3469",3366
"3470",1258
"3471",19746
"3472",3417
"3473",818
"3474",12984
"3475",11533
"3476",12491
"3477",10910
"3478",11398
"3479",15848
"3480",9750
"3481",5818
"3482",4006
"3483",10138
"3484",10659
"3485",9204
"3486",16800
"3487",16087
"3488",5458
"3489",1359
"3490",1103
"3491",1718
"3492",3784
"3493",19427
"3494",17787
"3495",3918
"3496",4462
"3497",14559
"3498",736
"3499",12281
"3500",4945
"3501",13639
"3502",10292
"3503",2235
"3504",20094
"3505",7220
"3506",16207
"3507",10176
"3508",16941
"3509",15328
"3510",18768
"3511",17694
"3512",4020
"3513",10890
"3514",13642
"3515",18418
"3516",10615
"3517",1843
"3518",13633
"3519",13104
"3520",283
"3521",8043
"3522",12404
"3523",13476
"3524",15791
"3525",12172
"3526",12932
"3527",14144
"3528",15343
"3529",18329
"3530",12307
"3531",2582
"3532",15593
"3533",14884
"3534",15873
"3535",8387
"3536",18801
"3537",6359
"3538",4943
"3539",5749
"3540",13964
"3541",4012
"3542",6842
"3543",11114
"3544",11765
"3545",3002
"3546",26
"3547",10716
"3548",3147
"3549",19081
"3550",13423
"3551",3267
"3552",19031
"3553",16592
"3554",16694
"3555",3229
"3556",6205
"3557",3284
"3558",18584
"3559",11420
"3560",20221
"3561",14091
"3562",5735
"3563",18333
"3564",20076
"3565",16893
"3566",1985
"3567",16032
"3568",8933
"3569",4260
"3570",14463
"3571",7950
"3572",3708
"3573",9893
"3574",16633
"3575",2267
"3576",7884
"3577",2985
"3578",10510
"3579",4352
"3580",12708
"3581",13645
"3582",74
"3583",6318
"3584",18566
"3585",13676
"3586",15504
"3587",12080
"3588",12735
"3589",3115
"3590",13698
"3591",9347
"3592",15178
"3593",20432
"3594",8289
"3595",9157
"3596",15645
"3597",5191
"3598",4991
"3599",9313
"3600",10440
"3601",15557
"3602",13760
"3603",16317
"3604",2177
"3605",10697
"3606",18244
"3607",10197
"3608",7253
"3609",12206
"3610",4002
"3611",15505
"3612",12171
"3613",18295
"3614",12833
"3615",5373
"3616",15730
"3617",4091
"3618",11095
"3619",18664
"3620",20547
"3621",14964
"3622",3394
"3623",12695
"3624",2408
"3625",5707
"3626",15588
"3627",8617
"3628",18427
"3629",17243
"3630",2295
"3631",3507
"3632",9388
"3633",7852
"3634",12596
"3635",12429
"3636",9341
"3637",16729
"3638",17210
"3639",1092
"3640",1060
"3641",5556
"3642",2079
"3643",16015
"3644",345
"3645",4839
"3646",15726
"3647",16603
"3648",5869
"3649",6192
"3650",4893
"3651",17175
"3652",10229
"3653",2381
"3654",12452
"3655",6178
"3656",9439
"3657",11303
"3658",9970
"3659",12461
"3660",12176
"3661",1453
"3662",14722
"3663",12010
"3664",2006
"3665",16862
"3666",11637
"3667",17750
"3668",18353
"3669",3249
"3670",711
"3671",16797
"3672",7201
"3673",8680
"3674",4205
"3675",3094
"3676",4210
"3677",14474
"3678",3895
"3679",2705
"3680",12787
"3681",7845
"3682",2364
"3683",6525
"3684",17389
"3685",9593
"3686",12159
"3687",18855
"3688",485
"3689",11725
"3690",15433
"3691",3817
"3692",18785
"3693",13023
"3694",10273
"3695",20562
"3696",6377
"3697",7185
"3698",5992
"3699",9386
"3700",16305
"3701",14037
"3702",14283
"3703",1422
"3704",14409
"3705",17245
"3706",15581
"3707",19789
"3708",5495
"3709",15587
"3710",9196
"3711",20231
"3712",4307
"3713",20237
"3714",498
"3715",10237
"3716",20088
"3717",19726
"3718",8418
"3719",19235
"3720",2944
"3721",12715
"3722",11902
"3723",9225
"3724",16102
"3725",2856
"3726",16849
"3727",15642
"3728",458
"3729",13849
"3730",18467
"3731",18550
"3732",4741
"3733",16125
"3734",3518
"3735",5275
"3736",17817
"3737",1793
"3738",17963
"3739",16049
"3740",5416
"3741",17551
"3742",15513
"3743",6947
"3744",17718
"3745",12620
"3746",3440
"3747",4579
"3748",7223
"3749",20508
"3750",12458
"3751",16777
"3752",1203
"3753",13959
"3754",6713
"3755",7666
"3756",16016
"3757",13363
"3758",586
"3759",20634
"3760",14016
"3761",10387
"3762",20308
"3763",7042
"3764",17642
"3765",14578
"3766",14321
"3767",1266
"3768",8448
"3769",13189
"3770",5299
"3771",14673
"3772",19242
"3773",7922
"3774",5010
"3775",11723
"3776",12192
"3777",7101
"3778",9590
"3779",12679
"3780",4343
"3781",4790
"3782",8481
"3783",8204
"3784",10310
"3785",18829
"3786",2644
"3787",1852
"3788",2001
"3789",8968
"3790",15200
"3791",6873
"3792",16059
"3793",4269
"3794",4180
"3795",19485
"3796",5166
"3797",20561
"3798",11321
"3799",13202
"3800",9725
"3801",14527
"3802",14804
"3803",15072
"3804",3677
"3805",14391
"3806",748
"3807",9742
"3808",5879
"3809",15797
"3810",1693
"3811",6049
"3812",592
"3813",3669
"3814",15278
"3815",15528
"3816",16185
"3817",16839
"3818",506
"3819",11461
"3820",8786
"3821",9219
"3822",10546
"3823",8170
"3824",9643
"3825",2083
"3826",16081
"3827",366
"3828",13440
"3829",17416
"3830",9831
"3831",11298
"3832",13795
"3833",12606
"3834",5071
"3835",19092
"3836",1482
"3837",18264
"3838",9588
"3839",5789
"3840",20113
"3841",15830
"3842",16865
"3843",4575
"3844",9009
"3845",12391
"3846",8728
"3847",18428
"3848",2874
"3849",19231
"3850",10326
"3851",2983
"3852",16258
"3853",5670
"3854",2654
"3855",16724
"3856",16029
"3857",1175
"3858",16716
"3859",4537
"3860",14631
"3861",11043
"3862",6194
"3863",5784
"3864",19484
"3865",4286
"3866",10188
"3867",17445
"3868",17168
"3869",11335
"3870",18653
"3871",6168
"3872",4738
"3873",17807
"3874",3426
"3875",18878
"3876",20121
"3877",3097
"3878",9620
"3879",9494
"3880",12974
"3881",13222
"3882",19388
"3883",20296
"3884",4937
"3885",2108
"3886",12564
"3887",17624
"3888",7386
"3889",2789
"3890",17743
"3891",16651
"3892",6240
"3893",2801
"3894",13179
"3895",3621
"3896",16905
"3897",1054
"3898",1828
"3899",20341
"3900",11750
"3901",2320
"3902",12413
"3903",17363
"3904",16274
"3905",4698
"3906",16568
"3907",4952
"3908",3045
"3909",7
"3910",19575
"3911",4754
"3912",7138
"3913",16369
"3914",1549
"3915",13594
"3916",14326
"3917",2150
"3918",1806
"3919",13688
"3920",12632
"3921",12861
"3922",2064
"3923",6436
"3924",19477
"3925",12593
"3926",5608
"3927",13904
"3928",8328
"3929",6554
"3930",4888
"3931",7760
"3932",11374
"3933",3855
"3934",7942
"3935",18720
"3936",5949
"3937",10673
"3938",7107
"3939",12035
"3940",4122
"3941",3717
"3942",11343
"3943",20637
"3944",135
"3945",19705
"3946",5641
"3947",7544
"3948",18200
"3949",10448
"3950",14270
"3951",5630
"3952",20533
"3953",3162
"3954",2718
"3955",8566
"3956",10671
"3957",5722
"3958",8205
"3959",10755
"3960",2466
"3961",6762
"3962",13696
"3963",13136
"3964",10213
"3965",2188
"3966",8489
"3967",8677
"3968",935
"3969",3829
"3970",3428
"3971",4678
"3972",3176
"3973",2604
"3974",9114
"3975",17749
"3976",8808
"3977",7933
"3978",4128
"3979",11102
"3980",8679
"3981",11051
"3982",17900
"3983",2055
"3984",20405
"3985",3999
"3986",11133
"3987",11281
"3988",20188
"3989",6444
"3990",3272
"3991",14817
"3992",4600
"3993",2988
"3994",16914
"3995",19032
"3996",20153
"3997",15370
"3998",11083
"3999",18008
"4000",20571
"4001",16695
"4002",6128
"4003",3379
"4004",1277
"4005",5668
"4006",14193
"4007",16929
"4008",2224
"4009",13247
"4010",10992
"4011",6974
"4012",1473
"4013",6297
"4014",11191
"4015",4917
"4016",10224
"4017",7006
"4018",4676
"4019",6660
"4020",4630
"4021",1825
"4022",6845
"4023",4158
"4024",4062
"4025",13199
"4026",2869
"4027",1731
"4028",1529
"4029",17729
"4030",47
"4031",15924
"4032",10799
"4033",577
"4034",2610
"4035",1564
"4036",1752
"4037",18837
"4038",14330
"4039",6971
"4040",2002
"4041",3798
"4042",3159
"4043",1934
"4044",3715
"4045",19626
"4046",1716
"4047",10788
"4048",12078
"4049",14221
"4050",14972
"4051",16540
"4052",7200
"4053",17697
"4054",14949
"4055",440
"4056",14579
"4057",5349
"4058",1004
"4059",10071
"4060",13443
"4061",6734
"4062",19329
"4063",19527
"4064",10260
"4065",20560
"4066",4464
"4067",5569
"4068",5490
"4069",17732
"4070",17240
"4071",10646
"4072",16582
"4073",17178
"4074",628
"4075",6105
"4076",5974
"4077",3849
"4078",8852
"4079",15589
"4080",15562
"4081",18366
"4082",4818
"4083",20479
"4084",16870
"4085",15312
"4086",6553
"4087",8554
"4088",15062
"4089",16264
"4090",4376
"4091",7827
"4092",13730
"4093",18746
"4094",8817
"4095",19050
"4096",12968
"4097",1038
"4098",889
"4099",2116
"4100",2882
"4101",11425
"4102",6106
"4103",7811
"4104",19466
"4105",10554
"4106",6406
"4107",4212
"4108",19756
"4109",19841
"4110",4116
"4111",10544
"4112",13263
"4113",1625
"4114",19353
"4115",503
"4116",8533
"4117",11839
"4118",18693
"4119",3560
"4120",7254
"4121",15139
"4122",6640
"4123",10180
"4124",16809
"4125",11169
"4126",11117
"4127",3840
"4128",16196
"4129",11882
"4130",7552
"4131",18864
"4132",12762
"4133",1133
"4134",5062
"4135",7588
"4136",9194
"4137",16338
"4138",14878
"4139",8508
"4140",11986
"4141",14050
"4142",13318
"4143",15514
"4144",10714
"4145",15314
"4146",14539
"4147",16771
"4148",1144
"4149",7039
"4150",11788
"4151",14455
"4152",2197
"4153",9415
"4154",5848
"4155",14634
"4156",4901
"4157",18936
"4158",16481
"4159",19739
"4160",16888
"4161",1839
"4162",7391
"4163",19390
"4164",20565
"4165",704
"4166",12724
"4167",94
"4168",1966
"4169",1600
"4170",3000
"4171",39
"4172",7708
"4173",14835
"4174",4954
"4175",15486
"4176",2956
"4177",9753
"4178",18315
"4179",6204
"4180",14211
"4181",11614
"4182",6222
"4183",12880
"4184",17504
"4185",7235
"4186",18401
"4187",3423
"4188",16180
"4189",1527
"4190",17793
"4191",12966
"4192",12044
"4193",7128
"4194",2304
"4195",9528
"4196",12710
"4197",11050
"4198",16061
"4199",7985
"4200",404
"4201",843
"4202",2711
"4203",5577
"4204",2462
"4205",16722
"4206",16492
"4207",18619
"4208",12696
"4209",19881
"4210",10776
"4211",2596
"4212",19939
"4213",1606
"4214",10810
"4215",9866
"4216",17043
"4217",18198
"4218",12895
"4219",5531
"4220",2252
"4221",19059
"4222",12290
"4223",19989
"4224",19856
"4225",15804
"4226",5658
"4227",12533
"4228",11893
"4229",6925
"4230",16958
"4231",7739
"4232",4393
"4233",5812
"4234",19161
"4235",7533
"4236",18851
"4237",4659
"4238",253
"4239",16739
"4240",18157
"4241",19156
"4242",4971
"4243",13102
"4244",3350
"4245",7151
"4246",12415
"4247",530
"4248",18326
"4249",5385
"4250",15247
"4251",7143
"4252",15393
"4253",14649
"4254",3200
"4255",16406
"4256",12899
"4257",14778
"4258",5881
"4259",11815
"4260",7682
"4261",10533
"4262",767
"4263",17025
"4264",16101
"4265",9780
"4266",20557
"4267",5564
"4268",10293
"4269",12633
"4270",11031
"4271",10164
"4272",15956
"4273",6363
"4274",3027
"4275",4718
"4276",10548
"4277",6610
"4278",10379
"4279",17867
"4280",2520
"4281",17206
"4282",20150
"4283",9948
"4284",15997
"4285",15959
"4286",7384
"4287",7919
"4288",8336
"4289",5788
"4290",7150
"4291",1035
"4292",10134
"4293",16464
"4294",3887
"4295",8766
"4296",20295
"4297",12496
"4298",2721
"4299",12125
"4300",9864
"4301",19917
"4302",394
"4303",13183
"4304",1026
"4305",2703
"4306",2709
"4307",10238
"4308",6673
"4309",8046
"4310",20143
"4311",15625
"4312",61
"4313",16535
"4314",445
"4315",7203
"4316",9526
"4317",16204
"4318",5384
"4319",15725
"4320",20173
"4321",3498
"4322",10920
"4323",7517
"4324",6763
"4325",7209
"4326",11613
"4327",7818
"4328",12987
"4329",2544
"4330",740
"4331",8326
"4332",12092
"4333",17306
"4334",309
"4335",2072
"4336",15980
"4337",14151
"4338",16233
"4339",6223
"4340",2935
"4341",4933
"4342",17824
"4343",18667
"4344",11650
"4345",11293
"4346",3462
"4347",17747
"4348",8972
"4349",11505
"4350",8219
"4351",6505
"4352",15475
"4353",17287
"4354",17913
"4355",16172
"4356",16786
"4357",8114
"4358",19798
"4359",17251
"4360",13291
"4361",14979
"4362",16594
"4363",16814
"4364",12022
"4365",17338
"4366",2303
"4367",669
"4368",1535
"4369",11508
"4370",8636
"4371",3681
"4372",17118
"4373",4534
"4374",9664
"4375",5841
"4376",4081
"4377",4468
"4378",699
"4379",13871
"4380",2148
"4381",12031
"4382",7746
"4383",5206
"4384",163
"4385",11355
"4386",18528
"4387",4146
"4388",4981
"4389",18884
"4390",8071
"4391",9351
"4392",11097
"4393",15330
"4394",11756
"4395",5070
"4396",9019
"4397",19320
"4398",12341
"4399",12375
"4400",2052
"4401",8763
"4402",13600
"4403",14581
"4404",15756
"4405",17453
"4406",495
"4407",6961
"4408",9350
"4409",11447
"4410",4075
"4411",8057
"4412",15465
"4413",15946
"4414",7202
"4415",11291
"4416",8719
"4417",2069
"4418",6844
"4419",18967
"4420",3098
"4421",9719
"4422",19400
"4423",220
"4424",2686
"4425",8707
"4426",1917
"4427",12492
"4428",4903
"4429",3620
"4430",13499
"4431",10144
"4432",11088
"4433",15028
"4434",3727
"4435",3314
"4436",18975
"4437",16354
"4438",17892
"4439",11981
"4440",12583
"4441",13576
"4442",2503
"4443",1081
"4444",539
"4445",2891
"4446",20147
"4447",19787
"4448",18610
"4449",18049
"4450",12815
"4451",17395
"4452",19055
"4453",11512
"4454",8657
"4455",9433
"4456",14432
"4457",14855
"4458",9596
"4459",12219
"4460",13983
"4461",15737
"4462",9710
"4463",809
"4464",17651
"4465",6551
"4466",20567
"4467",8356
"4468",12296
"4469",9630
"4470",6495
"4471",6571
"4472",15767
"4473",8794
"4474",16234
"4475",12553
"4476",13671
"4477",6042
"4478",13695
"4479",3752
"4480",17379
"4481",7672
"4482",7886
"4483",1947
"4484",2950
"4485",13169
"4486",6147
"4487",15721
"4488",12446
"4489",9468
"4490",8051
"4491",17645
"4492",587
"4493",9935
"4494",3905
"4495",17707
"4496",7906
"4497",4792
"4498",8600
"4499",1313
"4500",19502
"4501",14495
"4502",8086
"4503",24
"4504",20352
"4505",14478
"4506",18055
"4507",8560
"4508",14614
"4509",994
"4510",19747
"4511",1920
"4512",692
"4513",2772
"4514",3764
"4515",17842
"4516",10855
"4517",11832
"4518",9328
"4519",7219
"4520",16123
"4521",3060
"4522",14342
"4523",2607
"4524",7211
"4525",20441
"4526",13137
"4527",2731
"4528",9154
"4529",6059
"4530",12255
"4531",10355
"4532",1065
"4533",19587
"4534",658
"4535",18780
"4536",6471
"4537",5494
"4538",5466
"4539",8067
"4540",11660
"4541",14306
"4542",15344
"4543",15457
"4544",14073
"4545",565
"4546",9326
"4547",11409
"4548",762
"4549",1562
"4550",7542
"4551",17512
"4552",5559
"4553",11850
"4554",6257
"4555",19965
"4556",6508
"4557",2495
"4558",1397
"4559",7937
"4560",9537
"4561",4083
"4562",16476
"4563",4201
"4564",13296
"4565",11658
"4566",10482
"4567",6886
"4568",78
"4569",7850
"4570",16393
"4571",19471
"4572",10040
"4573",16765
"4574",18480
"4575",4958
"4576",15374
"4577",19180
"4578",20515
"4579",9497
"4580",11681
"4581",19010
"4582",4316
"4583",17351
"4584",1516
"4585",18773
"4586",10124
"4587",14864
"4588",13583
"4589",3768
"4590",5190
"4591",6579
"4592",3892
"4593",6415
"4594",7990
"4595",6040
"4596",11764
"4597",7742
"4598",13120
"4599",9241
"4600",5368
"4601",16699
"4602",3126
"4603",3501
"4604",19840
"4605",19004
"4606",8429
"4607",2282
"4608",19476
"4609",20340
"4610",8259
"4611",5847
"4612",14229
"4613",15904
"4614",2035
"4615",15979
"4616",12363
"4617",1721
"4618",10392
"4619",9562
"4620",17581
"4621",13402
"4622",8841
"4623",3266
"4624",11695
"4625",3756
"4626",1465
"4627",6217
"4628",17271
"4629",12662
"4630",20320
"4631",6628
"4632",13336
"4633",9321
"4634",922
"4635",18600
"4636",8024
"4637",20450
"4638",9170
"4639",8108
"4640",5056
"4641",4427
"4642",13100
"4643",11336
"4644",8571
"4645",11719
"4646",13159
"4647",7359
"4648",4615
"4649",12066
"4650",178
"4651",16925
"4652",13134
"4653",19027
"4654",17348
"4655",9273
"4656",3526
"4657",12694
"4658",5654
"4659",19332
"4660",6931
"4661",14566
"4662",190
"4663",18533
"4664",4749
"4665",15942
"4666",9724
"4667",10258
"4668",3120
"4669",18299
"4670",15711
"4671",5779
"4672",18673
"4673",9962
"4674",14528
"4675",17480
"4676",18031
"4677",9983
"4678",1997
"4679",6562
"4680",3584
"4681",17816
"4682",14711
"4683",7038
"4684",7095
"4685",2767
"4686",7930
"4687",12547
"4688",3970
"4689",5687
"4690",15923
"4691",6264
"4692",18617
"4693",6431
"4694",3405
"4695",13537
"4696",1974
"4697",11861
"4698",7656
"4699",18850
"4700",15828
"4701",18843
"4702",191
"4703",9969
"4704",9715
"4705",3808
"4706",15665
"4707",18350
"4708",17396
"4709",20373
"4710",17927
"4711",13579
"4712",284
"4713",3063
"4714",8003
"4715",12902
"4716",418
"4717",12813
"4718",11426
"4719",5481
"4720",1053
"4721",19666
"4722",6288
"4723",18212
"4724",18371
"4725",8120
"4726",17758
"4727",15693
"4728",14338
"4729",7821
"4730",6905
"4731",10809
"4732",6714
"4733",2071
"4734",17368
"4735",4858
"4736",3356
"4737",13221
"4738",7330
"4739",18591
"4740",2570
"4741",19123
"4742",18435
"4743",593
"4744",17933
"4745",3369
"4746",11203
"4747",19896
"4748",19788
"4749",15116
"4750",15136
"4751",18901
"4752",10032
"4753",19406
"4754",9406
"4755",3659
"4756",12938
"4757",16897
"4758",8126
"4759",2556
"4760",5701
"4761",8618
"4762",7707
"4763",7854
"4764",16756
"4765",8803
"4766",1252
"4767",3087
"4768",14159
"4769",9676
"4770",7229
"4771",18140
"4772",93
"4773",7789
"4774",7757
"4775",3337
"4776",10654
"4777",3268
"4778",17825
"4779",1963
"4780",9791
"4781",11012
"4782",6717
"4783",15854
"4784",15298
"4785",18766
"4786",3473
"4787",18022
"4788",998
"4789",835
"4790",20013
"4791",6435
"4792",1306
"4793",18845
"4794",13652
"4795",16779
"4796",17804
"4797",6893
"4798",6011
"4799",17094
"4800",5078
"4801",3955
"4802",13279
"4803",14589
"4804",17475
"4805",10201
"4806",12845
"4807",11728
"4808",20455
"4809",14574
"4810",7691
"4811",4470
"4812",9751
"4813",17054
"4814",7961
"4815",735
"4816",5769
"4817",14451
"4818",11667
"4819",656
"4820",11216
"4821",10896
"4822",14645
"4823",18511
"4824",15394
"4825",4333
"4826",18003
"4827",302
"4828",9325
"4829",16615
"4830",5453
"4831",5645
"4832",1062
"4833",20471
"4834",9171
"4835",6507
"4836",18119
"4837",5122
"4838",4904
"4839",9746
"4840",16318
"4841",10315
"4842",12211
"4843",14665
"4844",188
"4845",12186
"4846",7806
"4847",12838
"4848",6584
"4849",18441
"4850",7215
"4851",9901
"4852",11960
"4853",1878
"4854",13935
"4855",8875
"4856",19822
"4857",12697
"4858",8014
"4859",7800
"4860",7046
"4861",209
"4862",1961
"4863",18835
"4864",12518
"4865",11709
"4866",16457
"4867",6917
"4868",6528
"4869",5935
"4870",10434
"4871",16348
"4872",6712
"4873",286
"4874",7722
"4875",11825
"4876",1315
"4877",769
"4878",13190
"4879",3047
"4880",1233
"4881",8949
"4882",16686
"4883",10838
"4884",17360
"4885",20274
"4886",11615
"4887",11391
"4888",2979
"4889",11944
"4890",12136
"4891",6273
"4892",18170
"4893",971
"4894",8318
"4895",9405
"4896",2377
"4897",1006
"4898",16920
"4899",13622
"4900",15331
"4901",3467
"4902",8630
"4903",16133
"4904",4392
"4905",12810
"4906",2401
"4907",84
"4908",10703
"4909",15060
"4910",17415
"4911",13907
"4912",8244
"4913",2358
"4914",12389
"4915",8538
"4916",13412
"4917",14383
"4918",2677
"4919",14058
"4920",11302
"4921",6305
"4922",14242
"4923",7772
"4924",11000
"4925",18459
"4926",10516
"4927",5821
"4928",18377
"4929",1612
"4930",16224
"4931",682
"4932",2907
"4933",9956
"4934",8258
"4935",15472
"4936",10057
"4937",13607
"4938",951
"4939",12026
"4940",10794
"4941",15240
"4942",4648
"4943",19631
"4944",20417
"4945",13107
"4946",5746
"4947",15096
"4948",8020
"4949",7321
"4950",11555
"4951",16522
"4952",4068
"4953",13378
"4954",8622
"4955",17147
"4956",18702
"4957",6839
"4958",1827
"4959",11737
"4960",1802
"4961",1909
"4962",1235
"4963",2096
"4964",7055
"4965",8799
"4966",18929
"4967",19024
"4968",5444
"4969",11576
"4970",12740
"4971",18700
"4972",14788
"4973",15361
"4974",5782
"4975",4863
"4976",357
"4977",19460
"4978",3471
"4979",8664
"4980",11016
"4981",5810
"4982",241
"4983",19943
"4984",2119
"4985",14064
"4986",8467
"4987",9357
"4988",3236
"4989",14753
"4990",16228
"4991",9699
"4992",10951
"4993",12839
"4994",1405
"4995",11623
"4996",13717
"4997",1928
"4998",20283
"4999",13932
"5000",8668
"5001",17738
"5002",5750
"5003",16229
"5004",5060
"5005",11507
"5006",15927
"5007",13516
"5008",17562
"5009",14254
"5010",19029
"5011",16058
"5012",9688
"5013",8176
"5014",13574
"5015",10077
"5016",8002
"5017",11284
"5018",10369
"5019",9735
"5020",16606
"5021",8581
"5022",4474
"5023",14514
"5024",1749
"5025",19907
"5026",1379
"5027",11423
"5028",7871
"5029",5242
"5030",6867
"5031",20250
"5032",14295
"5033",4884
"5034",19706
"5035",3221
"5036",17594
"5037",14498
"5038",5852
"5039",14921
"5040",5934
"5041",3956
"5042",6702
"5043",16675
"5044",9186
"5045",18959
"5046",18916
"5047",2355
"5048",16811
"5049",14098
"5050",13544
"5051",17281
"5052",13678
"5053",12552
"5054",6433
"5055",69
"5056",8980
"5057",13609
"5058",11411
"5059",5517
"5060",17030
"5061",14036
"5062",19974
"5063",5355
"5064",4781
"5065",2886
"5066",16221
"5067",10525
"5068",13621
"5069",18185
"5070",2669
"5071",5402
"5072",1027
"5073",18769
"5074",16259
"5075",5214
"5076",1876
"5077",17222
"5078",16727
"5079",14735
"5080",9400
"5081",15284
"5082",8892
"5083",7328
"5084",6511
"5085",17106
"5086",6067
"5087",13602
"5088",3945
"5089",19275
"5090",19776
"5091",18666
"5092",7257
"5093",1474
"5094",11466
"5095",15390
"5096",10001
"5097",8311
"5098",13731
"5099",17977
"5100",13155
"5101",11656
"5102",349
"5103",13431
"5104",3206
"5105",15104
"5106",3689
"5107",11044
"5108",12624
"5109",10763
"5110",16
"5111",3228
"5112",786
"5113",4668
"5114",10711
"5115",8913
"5116",3813
"5117",12654
"5118",4690
"5119",8138
"5120",13512
"5121",18303
"5122",17776
"5123",3904
"5124",11006
"5125",17092
"5126",2738
"5127",16737
"5128",16298
"5129",16630
"5130",8229
"5131",511
"5132",4142
"5133",16667
"5134",11567
"5135",7346
"5136",15023
"5137",615
"5138",9095
"5139",19447
"5140",14179
"5141",19297
"5142",18186
"5143",3207
"5144",9857
"5145",16864
"5146",14488
"5147",19645
"5148",5138
"5149",12282
"5150",1348
"5151",20621
"5152",4890
"5153",2075
"5154",11676
"5155",15977
"5156",17276
"5157",849
"5158",8186
"5159",4755
"5160",6623
"5161",985
"5162",4804
"5163",13008
"5164",6389
"5165",9426
"5166",3411
"5167",3193
"5168",15106
"5169",17264
"5170",14189
"5171",16166
"5172",17048
"5173",8187
"5174",11640
"5175",5310
"5176",18266
"5177",5362
"5178",15058
"5179",9131
"5180",3169
"5181",6183
"5182",13119
"5183",9977
"5184",16684
"5185",10432
"5186",11554
"5187",18111
"5188",6814
"5189",7817
"5190",7989
"5191",9424
"5192",14375
"5193",8814
"5194",16579
"5195",7214
"5196",6467
"5197",8660
"5198",4899
"5199",2854
"5200",8558
"5201",1949
"5202",12981
"5203",3653
"5204",4618
"5205",1775
"5206",1671
"5207",6876
"5208",4809
"5209",6710
"5210",7875
"5211",4849
"5212",11110
"5213",18595
"5214",18023
"5215",5348
"5216",19468
"5217",5269
"5218",3522
"5219",8714
"5220",11282
"5221",7404
"5222",5318
"5223",1179
"5224",16351
"5225",16906
"5226",3739
"5227",1039
"5228",8785
"5229",18714
"5230",770
"5231",1517
"5232",12054
"5233",7626
"5234",9779
"5235",17602
"5236",11731
"5237",9511
"5238",13224
"5239",9124
"5240",2822
"5241",19574
"5242",7741
"5243",3741
"5244",5740
"5245",4900
"5246",18062
"5247",3153
"5248",2409
"5249",3591
"5250",10524
"5251",10192
"5252",6281
"5253",3826
"5254",15649
"5255",6671
"5256",2396
"5257",9319
"5258",17507
"5259",1689
"5260",211
"5261",655
"5262",20066
"5263",7375
"5264",14526
"5265",5932
"5266",8527
"5267",14057
"5268",5097
"5269",19734
"5270",1151
"5271",7255
"5272",9374
"5273",4934
"5274",8825
"5275",6793
"5276",12914
"5277",15741
"5278",4647
"5279",8810
"5280",1055
"5281",3650
"5282",15634
"5283",12666
"5284",4932
"5285",13820
"5286",15209
"5287",5266
"5288",8535
"5289",11418
"5290",14384
"5291",19609
"5292",8110
"5293",9535
"5294",11442
"5295",13129
"5296",10989
"5297",11024
"5298",821
"5299",10091
"5300",6249
"5301",5679
"5302",6378
"5303",6051
"5304",10250
"5305",17541
"5306",10653
"5307",3637
"5308",20137
"5309",18332
"5310",4502
"5311",18578
"5312",20497
"5313",2144
"5314",1059
"5315",13094
"5316",678
"5317",7551
"5318",12153
"5319",17108
"5320",10409
"5321",20201
"5322",8602
"5323",7174
"5324",12874
"5325",992
"5326",19015
"5327",18456
"5328",4861
"5329",2098
"5330",11760
"5331",16308
"5332",16186
"5333",127
"5334",7704
"5335",13490
"5336",2803
"5337",10283
"5338",10610
"5339",19006
"5340",3452
"5341",9861
"5342",19346
"5343",19658
"5344",17548
"5345",20083
"5346",6353
"5347",13519
"5348",14501
"5349",5865
"5350",19124
"5351",20321
"5352",4125
"5353",15108
"5354",2510
"5355",6030
"5356",4257
"5357",16708
"5358",1240
"5359",12657
"5360",17883
"5361",4680
"5362",11189
"5363",20635
"5364",16597
"5365",5505
"5366",20178
"5367",6454
"5368",15001
"5369",16704
"5370",9382
"5371",5313
"5372",9168
"5373",1168
"5374",11701
"5375",2969
"5376",961
"5377",11631
"5378",14082
"5379",10916
"5380",5522
"5381",11538
"5382",19171
"5383",642
"5384",1524
"5385",771
"5386",12417
"5387",4646
"5388",18706
"5389",4978
"5390",4400
"5391",19839
"5392",10291
"5393",2832
"5394",1883
"5395",9365
"5396",9309
"5397",10811
"5398",7273
"5399",15235
"5400",19921
"5401",13778
"5402",12088
"5403",8040
"5404",20180
"5405",3259
"5406",11129
"5407",16397
"5408",9232
"5409",6968
"5410",14134
"5411",3385
"5412",5890
"5413",5411
"5414",8685
"5415",2186
"5416",12549
"5417",2345
"5418",15183
"5419",11820
"5420",5475
"5421",18486
"5422",9826
"5423",17973
"5424",18207
"5425",4841
"5426",11224
"5427",10962
"5428",861
"5429",14545
"5430",11036
"5431",4595
"5432",16509
"5433",11027
"5434",8405
"5435",3819
"5436",17899
"5437",13313
"5438",18836
"5439",13725
"5440",5761
"5441",3332
"5442",7660
"5443",7191
"5444",4547
"5445",8203
"5446",16218
"5447",1540
"5448",264
"5449",2821
"5450",8629
"5451",6063
"5452",10375
"5453",14521
"5454",272
"5455",16838
"5456",15434
"5457",7436
"5458",3759
"5459",4101
"5460",8144
"5461",19532
"5462",3275
"5463",7425
"5464",2936
"5465",3578
"5466",6834
"5467",5928
"5468",9840
"5469",11323
"5470",3212
"5471",2937
"5472",8453
"5473",15704
"5474",2473
"5475",3448
"5476",14541
"5477",2704
"5478",2675
"5479",6473
"5480",8255
"5481",9828
"5482",5601
"5483",2701
"5484",4402
"5485",7119
"5486",12130
"5487",9657
"5488",15254
"5489",11624
"5490",13216
"5491",2509
"5492",3188
"5493",15864
"5494",6022
"5495",14704
"5496",14278
"5497",2004
"5498",15690
"5499",8619
"5500",4864
"5501",18084
"5502",6556
"5503",4795
"5504",16489
"5505",956
"5506",15832
"5507",18953
"5508",16625
"5509",18147
"5510",8783
"5511",9221
"5512",19508
"5513",6052
"5514",10518
"5515",15210
"5516",750
"5517",143
"5518",1503
"5519",8179
"5520",8726
"5521",79
"5522",13967
"5523",13534
"5524",11954
"5525",14284
"5526",8256
"5527",6238
"5528",11276
"5529",8499
"5530",14954
"5531",17394
"5532",19258
"5533",9136
"5534",19524
"5535",13784
"5536",9311
"5537",7007
"5538",10575
"5539",13271
"5540",17942
"5541",1676
"5542",20326
"5543",1574
"5544",19852
"5545",11048
"5546",5177
"5547",18465
"5548",8555
"5549",14930
"5550",5105
"5551",17915
"5552",2461
"5553",14790
"5554",4643
"5555",6708
"5556",6869
"5557",18192
"5558",4067
"5559",17163
"5560",20430
"5561",9340
"5562",15415
"5563",15754
"5564",11833
"5565",7051
"5566",6484
"5567",4961
"5568",2902
"5569",19725
"5570",8870
"5571",14056
"5572",2549
"5573",4559
"5574",15244
"5575",8521
"5576",12061
"5577",17640
"5578",2270
"5579",13394
"5580",20152
"5581",19326
"5582",4706
"5583",19837
"5584",14293
"5585",20080
"5586",2623
"5587",20312
"5588",20615
"5589",3610
"5590",9652
"5591",5780
"5592",8672
"5593",11772
"5594",14225
"5595",15265
"5596",4593
"5597",6306
"5598",14499
"5599",5616
"5600",9120
"5601",9324
"5602",6820
"5603",5142
"5604",7984
"5605",4297
"5606",9457
"5607",17833
"5608",9594
"5609",15872
"5610",16556
"5611",16645
"5612",2517
"5613",13541
"5614",11712
"5615",487
"5616",9760
"5617",14196
"5618",3723
"5619",7418
"5620",17384
"5621",19566
"5622",14805
"5623",5181
"5624",3397
"5625",20022
"5626",1219
"5627",18095
"5628",6718
"5629",2626
"5630",10851
"5631",9923
"5632",20206
"5633",14813
"5634",3374
"5635",13361
"5636",12619
"5637",11064
"5638",2213
"5639",11312
"5640",13857
"5641",19879
"5642",8054
"5643",13582
"5644",2084
"5645",19278
"5646",12055
"5647",17440
"5648",2310
"5649",105
"5650",15728
"5651",18238
"5652",823
"5653",3468
"5654",251
"5655",19915
"5656",18116
"5657",11325
"5658",13663
"5659",15631
"5660",19335
"5661",6982
"5662",3274
"5663",15671
"5664",13847
"5665",19873
"5666",19686
"5667",13237
"5668",4493
"5669",20499
"5670",7610
"5671",14944
"5672",12992
"5673",15016
"5674",17034
"5675",2728
"5676",18036
"5677",9586
"5678",488
"5679",18881
"5680",20569
"5681",19678
"5682",11618
"5683",3867
"5684",17911
"5685",3790
"5686",1123
"5687",3238
"5688",19452
"5689",14424
"5690",15500
"5691",6117
"5692",11693
"5693",16721
"5694",790
"5695",381
"5696",20425
"5697",18688
"5698",16449
"5699",12139
"5700",13973
"5701",15174
"5702",1586
"5703",13615
"5704",3241
"5705",4663
"5706",20240
"5707",9111
"5708",5688
"5709",12827
"5710",5939
"5711",4217
"5712",12497
"5713",9109
"5714",16689
"5715",7623
"5716",4753
"5717",15168
"5718",7066
"5719",1992
"5720",18819
"5721",9327
"5722",12560
"5723",9203
"5724",20414
"5725",11221
"5726",5055
"5727",8611
"5728",12671
"5729",20175
"5730",13217
"5731",2375
"5732",18007
"5733",1855
"5734",20011
"5735",943
"5736",3789
"5737",19304
"5738",15910
"5739",16222
"5740",15493
"5741",7245
"5742",16829
"5743",1171
"5744",1844
"5745",2794
"5746",10900
"5747",10506
"5748",6031
"5749",14532
"5750",4058
"5751",2898
"5752",11484
"5753",4460
"5754",13005
"5755",5052
"5756",829
"5757",7217
"5758",3125
"5759",17418
"5760",76
"5761",4356
"5762",1360
"5763",123
"5764",18674
"5765",13598
"5766",14693
"5767",13043
"5768",2012
"5769",2362
"5770",15382
"5771",19142
"5772",5512
"5773",2597
"5774",15525
"5775",19226
"5776",8556
"5777",5464
"5778",5033
"5779",13218
"5780",13184
"5781",17242
"5782",11492
"5783",4494
"5784",6959
"5785",4425
"5786",18378
"5787",17159
"5788",1762
"5789",3780
"5790",6651
"5791",4835
"5792",8648
"5793",20314
"5794",20552
"5795",19247
"5796",18794
"5797",10054
"5798",11703
"5799",3483
"5800",14089
"5801",3180
"5802",6386
"5803",7069
"5804",12736
"5805",5398
"5806",15126
"5807",9815
"5808",14334
"5809",18912
"5810",4076
"5811",9976
"5812",6670
"5813",926
"5814",7900
"5815",11594
"5816",3657
"5817",13559
"5818",2292
"5819",13439
"5820",11962
"5821",1260
"5822",1950
"5823",16454
"5824",17318
"5825",17687
"5826",11455
"5827",13026
"5828",16021
"5829",8188
"5830",16584
"5831",2062
"5832",4359
"5833",16475
"5834",13664
"5835",6154
"5836",2102
"5837",16788
"5838",91
"5839",5478
"5840",15818
"5841",15338
"5842",1242
"5843",2795
"5844",6336
"5845",1322
"5846",13049
"5847",11747
"5848",19970
"5849",14682
"5850",17849
"5851",16342
"5852",12614
"5853",20398
"5854",18926
"5855",8069
"5856",18232
"5857",9220
"5858",6487
"5859",401
"5860",4995
"5861",15914
"5862",13029
"5863",15383
"5864",1374
"5865",9992
"5866",19291
"5867",7525
"5868",11180
"5869",20256
"5870",2061
"5871",8590
"5872",8437
"5873",3328
"5874",9764
"5875",12209
"5876",4414
"5877",864
"5878",9014
"5879",8367
"5880",12519
"5881",19371
"5882",14487
"5883",10446
"5884",10561
"5885",3269
"5886",3943
"5887",1225
"5888",12043
"5889",772
"5890",8063
"5891",4066
"5892",19354
"5893",11633
"5894",1616
"5895",5901
"5896",9999
"5897",19378
"5898",18305
"5899",11698
"5900",2947
"5901",6817
"5902",11859
"5903",10833
"5904",14985
"5905",19039
"5906",5498
"5907",16465
"5908",7333
"5909",3301
"5910",17358
"5911",13208
"5912",13848
"5913",2609
"5914",14585
"5915",14412
"5916",4694
"5917",3444
"5918",6193
"5919",15386
"5920",3908
"5921",19078
"5922",8263
"5923",9000
"5924",18083
"5925",19118
"5926",5910
"5927",16953
"5928",5888
"5929",13301
"5930",13677
"5931",7395
"5932",10984
"5933",3964
"5934",9690
"5935",2841
"5936",14768
"5937",16434
"5938",15253
"5939",13166
"5940",3313
"5941",10368
"5942",2121
"5943",8045
"5944",4769
"5945",5958
"5946",14766
"5947",8323
"5948",11486
"5949",11362
"5950",8148
"5951",8293
"5952",16340
"5953",18442
"5954",3117
"5955",11135
"5956",14883
"5957",4319
"5958",3712
"5959",9445
"5960",10608
"5961",1057
"5962",10313
"5963",4285
"5964",480
"5965",7029
"5966",5990
"5967",9651
"5968",16992
"5969",18955
"5970",4477
"5971",2842
"5972",652
"5973",8833
"5974",7849
"5975",1404
"5976",11619
"5977",11774
"5978",8083
"5979",17098
"5980",13674
"5981",18964
"5982",9552
"5983",15629
"5984",5167
"5985",6477
"5986",5886
"5987",18269
"5988",14597
"5989",19284
"5990",14137
"5991",13712
"5992",19090
"5993",1049
"5994",10143
"5995",3877
"5996",13828
"5997",8372
"5998",7015
"5999",16249
"6000",9391
"6001",18641
"6002",2655
"6003",3835
"6004",12816
"6005",5581
"6006",4572
"6007",20473
"6008",517
"6009",9556
"6010",10391
"6011",16063
"6012",12623
"6013",9642
"6014",4195
"6015",16517
"6016",13092
"6017",7362
"6018",1152
"6019",3587
"6020",17981
"6021",11591
"6022",4538
"6023",5634
"6024",9506
"6025",16329
"6026",19194
"6027",305
"6028",2954
"6029",10316
"6030",13307
"6031",20227
"6032",969
"6033",15206
"6034",14743
"6035",14881
"6036",11127
"6037",1499
"6038",14522
"6039",52
"6040",15034
"6041",11643
"6042",1897
"6043",10257
"6044",20265
"6045",11722
"6046",15717
"6047",11109
"6048",15506
"6049",20372
"6050",4632
"6051",14109
"6052",6791
"6053",9455
"6054",8826
"6055",9972
"6056",8753
"6057",14712
"6058",11160
"6059",12782
"6060",7640
"6061",9862
"6062",20525
"6063",4791
"6064",17733
"6065",3926
"6066",372
"6067",3792
"6068",19008
"6069",4827
"6070",11115
"6071",8820
"6072",9759
"6073",11009
"6074",9286
"6075",18217
"6076",14407
"6077",18831
"6078",9434
"6079",19069
"6080",9323
"6081",348
"6082",11155
"6083",3502
"6084",4208
"6085",11600
"6086",2723
"6087",6071
"6088",9485
"6089",5839
"6090",11468
"6091",1243
"6092",9655
"6093",6072
"6094",2143
"6095",8439
"6096",13914
"6097",5862
"6098",5864
"6099",17500
"6100",11230
"6101",20155
"6102",10374
"6103",5815
"6104",12651
"6105",6361
"6106",2617
"6107",20008
"6108",5045
"6109",13538
"6110",1578
"6111",7619
"6112",7460
"6113",18902
"6114",3640
"6115",11071
"6116",8954
"6117",17081
"6118",11887
"6119",3938
"6120",19831
"6121",1542
"6122",18576
"6123",19833
"6124",9126
"6125",16978
"6126",217
"6127",6024
"6128",6469
"6129",20573
"6130",14035
"6131",14363
"6132",3714
"6133",583
"6134",19301
"6135",6728
"6136",3342
"6137",18690
"6138",2762
"6139",564
"6140",2368
"6141",18197
"6142",8587
"6143",324
"6144",15705
"6145",2915
"6146",15519
"6147",5765
"6148",5363
"6149",9256
"6150",14471
"6151",10922
"6152",10710
"6153",19741
"6154",20074
"6155",6333
"6156",9199
"6157",12361
"6158",36
"6159",14806
"6160",15727
"6161",20169
"6162",13899
"6163",17387
"6164",2285
"6165",13352
"6166",6653
"6167",20069
"6168",13966
"6169",16108
"6170",18447
"6171",6741
"6172",5431
"6173",13611
"6174",18155
"6175",5692
"6176",9517
"6177",7488
"6178",9767
"6179",17377
"6180",10701
"6181",15577
"6182",4881
"6183",15772
"6184",11315
"6185",130
"6186",235
"6187",8545
"6188",15279
"6189",7764
"6190",5003
"6191",4358
"6192",18540
"6193",17091
